file,n_AC,n_AC_inGrid,n_cubes,max_cd,refined_cd
PDB\1irl.cif,133,133,1540,3.5,3.5
PDB\1ceu.cif,51,51,585,3.4,3.46
PDB\3c59.cif,128,128,1760,3.3,3.31
PDB\1a7v.cif,250,250,2772,3.3,3.3
PDB\1b34.cif,154,154,2156,3.3,3.3
PDB\1hul.cif,216,216,2200,3.3,3.31
PDB\1mhu.cif,31,31,180,3.3,3.38
PDB\2x4w.cif,137,137,1440,3.2,3.22
PDB\2gk2.cif,220,220,2475,3.2,3.21
PDB\4jzl.cif,246,246,4002,3.2,3.2
PDB\1a4v.cif,123,123,1452,3.2,3.2
PDB\1azm.cif,258,258,2340,3.2,3.2
PDB\1cdm.cif,151,150,1386,3.2,3.2
PDB\1fxl.cif,167,167,2304,3.2,3.2
PDB\1hcn.cif,195,195,2860,3.2,3.2
PDB\1mqb.cif,528,528,11648,3.2,3.2
PDB\4bdw.cif,83,83,693,3.2,3.22
PDB\4nh9.cif,214,214,2340,3.2,3.2
PDB\3hxt.cif,195,195,2496,3.1,3.12
PDB\2brq.cif,213,213,3024,3.1,3.11
PDB\1m4r.cif,283,283,2688,3.1,3.1
PDB\1n26.cif,299,299,9424,3.1,3.12
PDB\2ydo.cif,309,309,8740,3.1,3.12
PDB\1x0j.cif,312,312,5940,3.1,3.1
PDB\2rfj.cif,315,315,5202,3.1,3.1
PDB\1pk6.cif,394,394,4352,3.1,3.1
PDB\2zfu.cif,423,423,5760,3.1,3.1
PDB\1a1m.cif,386,386,7040,3.1,3.1
PDB\1a40.cif,321,321,4410,3.1,3.11
PDB\1ad8.cif,287,287,2873,3.1,3.1
PDB\1al7.cif,350,350,4200,3.1,3.1
PDB\1aot.cif,116,116,1430,3.1,3.16
PDB\1bhf.cif,108,108,1287,3.1,3.11
PDB\1ca7.cif,342,342,3375,3.1,3.11
PDB\1csg.cif,240,240,2574,3.1,3.1
PDB\1cyn.cif,180,180,1980,3.1,3.12
PDB\1f66.cif,769,769,16200,3.1,3.1
PDB\1fyr.cif,398,398,5760,3.1,3.11
PDB\1iap.cif,190,190,2240,3.1,3.11
PDB\1nr2.cif,124,124,2295,3.1,3.16
PDB\1q0n.cif,158,158,1560,3.1,3.11
PDB\2rhi.cif,326,326,4940,3.1,3.1
PDB\2wa1.cif,488,488,8925,3.1,3.1
PDB\4yay.cif,393,393,8064,3.1,3.13
PDB\1tnr.cif,283,283,9240,3.0,3.0
PDB\1lcy.cif,296,296,4500,3.0,3.02
PDB\3uon.cif,438,438,7290,3.0,3.0
PDB\5j11.cif,500,500,11492,3.0,3.0
PDB\1wd8.cif,559,559,14875,3.0,3.01
PDB\3ux9.cif,720,720,17280,3.0,3.01
PDB\2v1d.cif,815,815,40920,3.0,3.01
PDB\121p.cif,166,165,2028,3.0,3.03
PDB\1a00.cif,574,574,6804,3.0,3.0
PDB\1a05.cif,714,714,9918,3.0,3.0
PDB\1a22.cif,372,372,8464,3.0,3.01
PDB\1a30.cif,201,201,2464,3.0,3.02
PDB\1a5i.cif,265,265,3120,3.0,3.04
PDB\1a9u.cif,351,351,5832,3.0,3.0
PDB\1ag1.cif,498,498,9120,3.0,3.0
PDB\1ai1.cif,445,445,9450,3.0,3.01
PDB\1aoh.cif,290,290,4624,3.0,3.02
PDB\1au1.cif,329,329,6440,3.0,3.0
PDB\1azv.cif,306,306,5520,3.0,3.0
PDB\1b0f.cif,218,218,2002,3.0,3.0
PDB\1b7f.cif,334,334,6960,3.0,3.0
PDB\1bjp.cif,304,304,7770,3.0,3.01
PDB\1bnk.cif,200,200,2340,3.0,3.01
PDB\1c0f.cif,494,494,8664,3.0,3.01
PDB\1cd9.cif,750,750,22100,3.0,3.0
PDB\1csb.cif,504,504,12474,3.0,3.0
PDB\1d8u.cif,330,330,5491,3.0,3.0
PDB\1dtw.cif,708,708,11200,3.0,3.0
PDB\1dtz.cif,689,689,14973,3.0,3.01
PDB\1esl.cif,157,157,2508,3.0,3.05
PDB\1f05.cif,644,644,13832,3.0,3.0
PDB\1fu1.cif,373,373,21168,3.0,3.0
PDB\1h4l.cif,850,850,14250,3.0,3.0
PDB\1i0z.cif,664,664,9639,3.0,3.0
PDB\1jk8.cif,385,385,7752,3.0,3.01
PDB\1kon.cif,233,233,3136,3.0,3.01
PDB\1mla.cif,305,305,3332,3.0,3.01
PDB\1qym.cif,223,223,4446,3.0,3.07
PDB\1sht.cif,177,177,2002,3.0,3.01
PDB\1stf.cif,309,309,5100,3.0,3.0
PDB\1z92.cif,244,244,4420,3.0,3.0
PDB\2or8.cif,232,232,4860,3.0,3.0
PDB\3ldl.cif,762,762,17316,3.0,3.0
PDB\3lqz.cif,379,379,8303,3.0,3.0
PDB\3rze.cif,428,428,12540,3.0,3.0
PDB\4bkn.cif,962,962,20412,3.0,3.0
PDB\4f3f.cif,489,489,9408,3.0,3.0
PDB\4rv7.cif,633,633,16200,3.0,3.0
PDB\1tou.cif,131,131,1320,2.9,2.99
PDB\2xjy.cif,166,166,4875,2.9,2.9
PDB\3lli.cif,251,251,4200,2.9,2.92
PDB\2qlu.cif,297,297,5400,2.9,2.97
PDB\4ib4.cif,375,375,10752,2.9,2.9
PDB\6cpl.cif,385,385,7225,2.9,2.92
PDB\1pt6.cif,387,387,6930,2.9,2.9
PDB\2b2t.cif,431,431,10710,2.9,2.9
PDB\3bik.cif,446,446,19040,2.9,2.9
PDB\3wxw.cif,509,509,11424,2.9,2.91
PDB\4tnb.cif,529,529,10450,2.9,2.92
PDB\1pkg.cif,567,567,17081,2.9,2.91
PDB\1q94.cif,768,768,17766,2.9,2.9
PDB\2iwg.cif,776,776,14985,2.9,2.9
PDB\1t09.cif,828,828,16926,2.9,2.9
PDB\2xmq.cif,843,843,21700,2.9,2.9
PDB\1qz2.cif,865,865,28288,2.9,2.9
PDB\3l43.cif,965,965,16182,2.9,2.9
PDB\12ca.cif,255,255,3570,2.9,2.9
PDB\1a0b.cif,117,117,1848,2.9,2.93
PDB\1a0o.cif,785,785,56050,2.9,2.9
PDB\1a15.cif,124,124,2520,2.9,2.92
PDB\1a1n.cif,383,383,7820,2.9,2.91
PDB\1a3k.cif,137,137,1716,2.9,2.9
PDB\1a5f.cif,432,432,9072,2.9,2.9
PDB\1a5h.cif,518,518,13750,2.9,2.91
PDB\1a5s.cif,645,645,11220,2.9,2.92
PDB\1a6a.cif,378,378,8602,2.9,2.91
PDB\1a6q.cif,363,363,6912,2.9,2.91
PDB\1a75.cif,214,214,3888,2.9,2.91
PDB\1a7c.cif,374,374,6048,2.9,2.9
PDB\1a8i.cif,812,812,16200,2.9,2.9
PDB\1a8k.cif,396,396,6468,2.9,2.9
PDB\1a9n.cif,523,523,12012,2.9,2.9
PDB\1aa7.cif,315,315,5544,2.9,2.92
PDB\1aer.cif,400,400,8778,2.9,2.9
PDB\1ahe.cif,792,792,10608,2.9,2.9
PDB\1ai4.cif,763,763,12350,2.9,2.9
PDB\1aka.cif,802,802,13640,2.9,2.9
PDB\1aks.cif,223,223,2704,2.9,2.95
PDB\1ao6.cif,1156,1156,23625,2.9,2.9
PDB\1ap5.cif,396,396,7680,2.9,2.93
PDB\1aqz.cif,285,285,7752,2.9,2.91
PDB\1as4.cif,369,369,6800,2.9,2.92
PDB\1at3.cif,434,434,6630,2.9,2.91
PDB\1aui.cif,543,543,13020,2.9,2.92
PDB\1axd.cif,420,420,6137,2.9,2.9
PDB\1ay9.cif,216,216,7440,2.9,2.91
PDB\1azn.cif,512,512,9720,2.9,2.91
PDB\1b2r.cif,295,295,5508,2.9,2.93
PDB\1b6b.cif,324,324,6840,2.9,2.93
PDB\1bbn.cif,133,133,1989,2.9,2.96
PDB\1bm7.cif,228,228,3808,2.9,2.9
PDB\1bmt.cif,492,492,8820,2.9,2.91
PDB\1bp3.cif,383,383,10868,2.9,2.9
PDB\1bqs.cif,209,209,8075,2.9,2.91
PDB\1bw0.cif,823,823,13640,2.9,2.91
PDB\1c2b.cif,539,539,9522,2.9,2.9
PDB\1c7z.cif,382,382,7360,2.9,2.9
PDB\1ckl.cif,756,756,21952,2.9,2.9
PDB\1cm0.cif,323,323,6552,2.9,2.92
PDB\1cn4.cif,589,589,15444,2.9,2.9
PDB\1de7.cif,572,572,14352,2.9,2.9
PDB\1dt3.cif,538,538,11960,2.9,2.9
PDB\1dug.cif,468,468,7200,2.9,2.91
PDB\1ehk.cif,743,743,11400,2.9,2.91
PDB\1ek5.cif,346,346,4788,2.9,2.93
PDB\1equ.cif,568,568,7695,2.9,2.9
PDB\1es7.cif,377,377,8100,2.9,2.93
PDB\1eur.cif,361,361,4560,2.9,2.94
PDB\1ex4.cif,416,416,13156,2.9,2.92
PDB\1f42.cif,297,297,7072,2.9,2.9
PDB\1f6b.cif,356,356,6930,2.9,2.92
PDB\1fj2.cif,458,458,4680,2.9,2.91
PDB\1fl7.cif,387,387,7020,2.9,2.9
PDB\1g1s.cif,337,337,10368,2.9,2.9
PDB\1ghq.cif,570,570,15080,2.9,2.91
PDB\1gk4.cif,450,450,17280,2.9,2.91
PDB\1gwq.cif,503,503,7980,2.9,2.91
PDB\1hvy.cif,1148,1148,42624,2.9,2.9
PDB\1hyr.cif,527,527,20160,2.9,2.9
PDB\1ivo.cif,1115,1115,30360,2.9,2.9
PDB\1j33.cif,333,333,5610,2.9,2.91
PDB\1jwh.cif,1075,1075,44400,2.9,2.9
PDB\1k2w.cif,512,512,10166,2.9,2.9
PDB\1kkh.cif,317,317,4998,2.9,2.9
PDB\1l4a.cif,324,324,7800,2.9,2.95
PDB\1ni2.cif,592,592,23814,2.9,2.9
PDB\1o5t.cif,378,378,6783,2.9,2.92
PDB\1oc0.cif,401,401,7866,2.9,2.92
PDB\1q2h.cif,188,188,4080,2.9,2.9
PDB\1ry7.cif,364,364,10692,2.9,2.91
PDB\1vhn.cif,299,299,4913,2.9,2.9
PDB\1via.cif,311,311,5130,2.9,2.92
PDB\1xar.cif,290,290,4368,2.9,2.91
PDB\1yjd.cif,547,547,8976,2.9,2.9
PDB\1yrv.cif,153,153,2090,2.9,2.97
PDB\2d9q.cif,467,467,24192,2.9,2.9
PDB\2h6p.cif,384,384,7820,2.9,2.9
PDB\2osl.cif,913,913,26400,2.9,2.91
PDB\2v53.cif,292,292,8640,2.9,2.92
PDB\2xqb.cif,534,534,8448,2.9,2.9
PDB\3brx.cif,317,317,7040,2.9,2.94
PDB\3cpf.cif,258,258,10912,2.9,2.94
PDB\3m0d.cif,264,264,4928,2.9,2.93
PDB\3oai.cif,976,976,53922,2.9,2.91
PDB\3rjd.cif,257,257,7650,2.9,2.9
PDB\5ndd.cif,567,567,13158,2.9,2.9
PDB\4f80.cif,209,209,5824,2.8,2.81
PDB\3wsr.cif,261,261,7308,2.8,2.88
PDB\2bv1.cif,264,264,8100,2.8,2.8
PDB\3pv6.cif,326,326,15600,2.8,2.82
PDB\2bqz.cif,340,340,10080,2.8,2.8
PDB\4o2c.cif,382,382,8160,2.8,2.88
PDB\2hkf.cif,438,438,10488,2.8,2.8
PDB\3cxd.cif,438,438,7956,2.8,2.81
PDB\3sop.cif,500,500,11625,2.8,2.81
PDB\3wxv.cif,509,509,13158,2.8,2.8
PDB\4ht1.cif,559,559,12555,2.8,2.8
PDB\2p4e.cif,586,586,13338,2.8,2.89
PDB\6al5.cif,672,672,22050,2.8,2.81
PDB\3an2.cif,702,702,14283,2.8,2.8
PDB\1xx9.cif,749,749,18375,2.8,2.82
PDB\1kpr.cif,766,766,35409,2.8,2.82
PDB\2clr.cif,770,770,36630,2.8,2.8
PDB\2gl8.cif,771,771,14322,2.8,2.82
PDB\6bdz.cif,855,855,29760,2.8,2.81
PDB\4djh.cif,895,895,41382,2.8,2.8
PDB\5i6x.cif,976,976,20930,2.8,2.8
PDB\3ho5.cif,1051,1051,53580,2.8,2.8
PDB\2id5.cif,1886,1886,61335,2.8,2.8
PDB\4omc.cif,2810,2810,101244,2.8,2.8
PDB\1914.cif,171,171,3360,2.8,2.82
PDB\1a3a.cif,576,576,16016,2.8,2.81
PDB\1a88.cif,825,825,15548,2.8,2.81
PDB\1a8h.cif,500,500,11339,2.8,2.82
PDB\1a8m.cif,456,456,8820,2.8,2.8
PDB\1ado.cif,1452,1452,31680,2.8,2.8
PDB\1adq.cif,644,644,24640,2.8,2.81
PDB\1ai9.cif,384,384,10920,2.8,2.81
PDB\1air.cif,352,352,5712,2.8,2.83
PDB\1akj.cif,611,611,12880,2.8,2.85
PDB\1akm.cif,966,966,22475,2.8,2.8
PDB\1aox.cif,402,402,9828,2.8,2.86
PDB\1aq1.cif,277,277,4488,2.8,2.85
PDB\1aqi.cif,764,764,26400,2.8,2.83
PDB\1atu.cif,374,374,6900,2.8,2.83
PDB\1av1.cif,804,804,51870,2.8,2.82
PDB\1az0.cif,466,466,8280,2.8,2.85
PDB\1b09.cif,1030,1030,31500,2.8,2.8
PDB\1b5s.cif,1210,1210,78540,2.8,2.8
PDB\1bbs.cif,662,662,22770,2.8,2.8
PDB\1bog.cif,438,438,10584,2.8,2.82
PDB\1bqq.cif,358,358,7980,2.8,2.8
PDB\1bvn.cif,567,567,9975,2.8,2.8
PDB\1bzl.cif,969,969,22816,2.8,2.8
PDB\1c3a.cif,260,260,3388,2.8,2.89
PDB\1ca9.cif,1148,1148,46546,2.8,2.8
PDB\1cqp.cif,364,364,9120,2.8,2.81
PDB\1cqx.cif,806,806,28644,2.8,2.8
PDB\1cxp.cif,1138,1138,28350,2.8,2.8
PDB\1d0g.cif,781,781,17576,2.8,2.8
PDB\1d3e.cif,989,989,40020,2.8,2.8
PDB\1d5m.cif,590,590,15834,2.8,2.8
PDB\1dmw.cif,307,307,4624,2.8,2.83
PDB\1duj.cif,187,187,3240,2.8,2.8
PDB\1e27.cif,384,384,8568,2.8,2.81
PDB\1e7k.cif,248,248,4116,2.8,2.89
PDB\1eku.cif,506,506,10488,2.8,2.8
PDB\1eqy.cif,484,484,10920,2.8,2.82
PDB\1ext.cif,318,318,15341,2.8,2.81
PDB\1exu.cif,355,355,8800,2.8,2.87
PDB\1f1f.cif,88,88,720,2.8,2.82
PDB\1fb1.cif,980,980,34720,2.8,2.81
PDB\1fg9.cif,862,862,48576,2.8,2.81
PDB\1fkn.cif,792,792,25088,2.8,2.8
PDB\1fv1.cif,775,775,22984,2.8,2.8
PDB\1fza.cif,1414,1414,78750,2.8,2.8
PDB\1gd8.cif,945,945,48412,2.8,2.8
PDB\1gkc.cif,315,315,6375,2.8,2.87
PDB\1gwb.cif,541,541,12936,2.8,2.83
PDB\1gxs.cif,850,850,17952,2.8,2.81
PDB\1hcf.cif,444,444,11780,2.8,2.81
PDB\1hsb.cif,372,372,8228,2.8,2.89
PDB\1iue.cif,196,196,2520,2.8,2.86
PDB\1j2e.cif,1458,1458,33325,2.8,2.8
PDB\1jdn.cif,407,407,6528,2.8,2.8
PDB\1jeq.cif,1068,1068,33263,2.8,2.81
PDB\1kkq.cif,1152,1152,35235,2.8,2.81
PDB\1lvk.cif,743,743,16192,2.8,2.81
PDB\1m4u.cif,311,311,16008,2.8,2.81
PDB\1m6h.cif,746,746,13680,2.8,2.81
PDB\1mx1.cif,3187,3187,59942,2.8,2.8
PDB\1nsi.cif,1680,1680,66600,2.8,2.81
PDB\1nys.cif,343,343,8464,2.8,2.8
PDB\1r46.cif,781,781,17820,2.8,2.82
PDB\1s9v.cif,739,739,20910,2.8,2.83
PDB\1sg1.cif,361,361,11088,2.8,2.86
PDB\1te6.cif,867,867,16848,2.8,2.83
PDB\2b5i.cif,629,629,23188,2.8,2.81
PDB\2bck.cif,790,790,35640,2.8,2.81
PDB\2bvo.cif,384,384,8160,2.8,2.8
PDB\2cv5.cif,761,761,19778,2.8,2.81
PDB\2dka.cif,980,980,20800,2.8,2.8
PDB\2f9q.cif,1810,1810,27216,2.8,2.8
PDB\2qc7.cif,448,448,16146,2.8,2.8
PDB\2xpg.cif,381,381,7920,2.8,2.81
PDB\2zch.cif,681,681,25172,2.8,2.82
PDB\3fe2.cif,468,468,10368,2.8,2.87
PDB\3urf.cif,320,320,15552,2.8,2.82
PDB\3v2w.cif,442,442,10846,2.8,2.81
PDB\4p4k.cif,1644,1644,50784,2.8,2.8
PDB\4v06.cif,690,690,14322,2.8,2.81
PDB\5bv6.cif,151,151,2310,2.8,2.8
PDB\5cxv.cif,451,451,15120,2.8,2.86
PDB\5ij0.cif,856,856,13566,2.8,2.81
PDB\5inc.cif,770,770,18538,2.8,2.81
PDB\5vkj.cif,312,312,12480,2.8,2.81
PDB\5w67.cif,380,380,9108,2.8,2.8
PDB\6ak3.cif,544,544,8976,2.8,2.82
PDB\6c0v.cif,1154,1154,33396,2.8,2.83
PDB\6c0w.cif,925,925,31080,2.8,2.8
PDB\6e3y.cif,1194,1194,40500,2.8,2.81
PDB\6n88.cif,1566,1566,53196,2.8,2.8
PDB\1vyq.cif,418,418,8379,2.7,2.73
PDB\1sm3.cif,430,430,8208,2.7,2.75
PDB\1y6l.cif,444,444,14790,2.7,2.74
PDB\1tqn.cif,468,468,8505,2.7,2.7
PDB\1yh3.cif,504,504,15750,2.7,2.71
PDB\3di2.cif,616,616,52972,2.7,2.7
PDB\3bpn.cif,620,620,24800,2.7,2.73
PDB\2xwt.cif,662,662,16983,2.7,2.73
PDB\1kjy.cif,707,707,35802,2.7,2.72
PDB\4nkq.cif,708,708,80360,2.7,2.7
PDB\2d31.cif,747,747,33728,2.7,2.72
PDB\2gt9.cif,770,770,23868,2.7,2.7
PDB\5g53.cif,948,948,62832,2.7,2.76
PDB\3d9s.cif,978,978,13650,2.7,2.75
PDB\2okj.cif,1003,1003,22100,2.7,2.71
PDB\4zjs.cif,1028,1028,23520,2.7,2.73
PDB\3d2u.cif,1143,1143,49400,2.7,2.7
PDB\1v7m.cif,1148,1148,29716,2.7,2.7
PDB\5lsj.cif,1177,1177,51300,2.7,2.75
PDB\1olz.cif,1242,1242,38628,2.7,2.72
PDB\1mwt.cif,1261,1261,42864,2.7,2.73
PDB\1w72.cif,1632,1632,87912,2.7,2.7
PDB\1oqd.cif,1734,1734,96096,2.7,2.71
PDB\6c23.cif,1822,1822,63504,2.7,2.7
PDB\4f7b.cif,2333,2333,153594,2.7,2.7
PDB\6a3v.cif,3342,3342,181440,2.7,2.71
PDB\1a4s.cif,2012,2012,45360,2.7,2.7
PDB\1a4y.cif,1166,1166,22176,2.7,2.71
PDB\1a5k.cif,767,767,20832,2.7,2.75
PDB\1a81.cif,1518,1518,45288,2.7,2.71
PDB\1a9w.cif,572,572,12144,2.7,2.75
PDB\1aa1.cif,2240,2240,70688,2.7,2.72
PDB\1abr.cif,518,518,10800,2.7,2.71
PDB\1ad5.cif,874,874,24192,2.7,2.71
PDB\1agb.cif,383,383,9900,2.7,2.77
PDB\1aj8.cif,741,741,14784,2.7,2.72
PDB\1amo.cif,1202,1202,31104,2.7,2.72
PDB\1ant.cif,794,794,28424,2.7,2.7
PDB\1aqd.cif,1514,1514,46060,2.7,2.7
PDB\1b33.cif,2054,2054,117600,2.7,2.7
PDB\1b78.cif,368,368,8400,2.7,2.74
PDB\1bd3.cif,896,896,16740,2.7,2.7
PDB\1bg3.cif,1804,1804,44268,2.7,2.7
PDB\1bho.cif,378,378,6188,2.7,2.72
PDB\1bkh.cif,1078,1078,32500,2.7,2.79
PDB\1bos.cif,1380,1380,75036,2.7,2.7
PDB\1bu7.cif,910,910,30375,2.7,2.72
PDB\1bvs.cif,1464,1464,53095,2.7,2.7
PDB\1c4z.cif,1194,1194,40180,2.7,2.7
PDB\1cm8.cif,654,654,29580,2.7,2.73
PDB\1czz.cif,577,577,18144,2.7,2.71
PDB\1d01.cif,1032,1032,34848,2.7,2.7
PDB\1d2o.cif,374,374,11475,2.7,2.73
PDB\1d3b.cif,946,946,26404,2.7,2.74
PDB\1d5n.cif,820,820,22425,2.7,2.76
PDB\1dev.cif,466,466,15960,2.7,2.73
PDB\1dfv.cif,347,347,10773,2.7,2.77
PDB\1djs.cif,336,336,8556,2.7,2.7
PDB\1dq8.cif,1631,1631,38280,2.7,2.7
PDB\1e51.cif,625,625,10962,2.7,2.75
PDB\1ejo.cif,443,443,9072,2.7,2.76
PDB\1f0y.cif,582,582,11340,2.7,2.74
PDB\1f9c.cif,720,720,15225,2.7,2.75
PDB\1f9e.cif,1470,1470,48048,2.7,2.71
PDB\1fuj.cif,884,884,15686,2.7,2.7
PDB\1g3j.cif,1036,1036,50688,2.7,2.71
PDB\1gy8.cif,1467,1467,62244,2.7,2.71
PDB\1h4i.cif,1336,1336,29750,2.7,2.71
PDB\1ha1.cif,167,167,4158,2.7,2.79
PDB\1hjv.cif,1448,1448,47915,2.7,2.7
PDB\1hsa.cif,768,768,18414,2.7,2.71
PDB\1htz.cif,1578,1578,48960,2.7,2.71
PDB\1ii7.cif,665,665,24948,2.7,2.73
PDB\1im9.cif,963,963,56889,2.7,2.71
PDB\1irj.cif,670,670,29700,2.7,2.77
PDB\1j1d.cif,698,698,36040,2.7,2.76
PDB\1jcz.cif,520,520,11088,2.7,2.73
PDB\1m6o.cif,384,384,9900,2.7,2.78
PDB\1nrn.cif,295,295,5760,2.7,2.73
PDB\1t5a.cif,2076,2076,56448,2.7,2.7
PDB\1tvb.cif,768,768,23868,2.7,2.7
PDB\1xwd.cif,862,862,28800,2.7,2.73
PDB\1ydp.cif,384,384,9500,2.7,2.71
PDB\1yfk.cif,483,483,10773,2.7,2.74
PDB\1ziw.cif,629,629,13454,2.7,2.72
PDB\2c4k.cif,1830,1830,73320,2.7,2.7
PDB\2psn.cif,1728,1728,46620,2.7,2.74
PDB\2q6w.cif,758,758,19500,2.7,2.7
PDB\3b6r.cif,752,752,21344,2.7,2.73
PDB\3bzf.cif,764,764,25704,2.7,2.7
PDB\3dlj.cif,938,938,26180,2.7,2.7
PDB\3gc8.cif,693,693,23760,2.7,2.72
PDB\3n9y.cif,1077,1077,31280,2.7,2.7
PDB\3s2k.cif,1298,1298,49500,2.7,2.7
PDB\3w81.cif,1232,1232,39312,2.7,2.73
PDB\3wkj.cif,753,753,18009,2.7,2.72
PDB\4csj.cif,261,261,6156,2.7,2.72
PDB\4d61.cif,5641,5641,421652,2.7,2.71
PDB\4ip8.cif,420,420,8112,2.7,2.78
PDB\4wrn.cif,1356,1356,39680,2.7,2.73
PDB\4x96.cif,1500,1500,61256,2.7,2.72
PDB\5fbh.cif,938,938,20800,2.7,2.72
PDB\5mx0.cif,610,610,22550,2.7,2.73
PDB\5o9h.cif,589,589,13260,2.7,2.72
PDB\6h02.cif,1457,1457,60236,2.7,2.7
PDB\2fd6.cif,797,797,46060,2.6,2.64
PDB\4gqb.cif,937,937,27456,2.6,2.61
PDB\1m6b.cif,1133,1133,104328,2.6,2.63
PDB\3d66.cif,1203,1203,45182,2.6,2.61
PDB\3v6o.cif,1224,1224,54908,2.6,2.63
PDB\5ewj.cif,1421,1421,54720,2.6,2.63
PDB\3fby.cif,1605,1605,67116,2.6,2.61
PDB\2gse.cif,1901,1901,51612,2.6,2.62
PDB\1ukl.cif,1984,1984,80864,2.6,2.6
PDB\2vxs.cif,2043,2043,181790,2.6,2.6
PDB\6gff.cif,2953,2953,141636,2.6,2.61
PDB\1xfb.cif,4104,4104,168150,2.6,2.6
PDB\6g18.cif,6060,6060,489600,2.6,2.6
PDB\1a4l.cif,1396,1396,60762,2.6,2.6
PDB\1ahw.cif,1256,1256,98943,2.6,2.6
PDB\1auk.cif,480,480,10260,2.6,2.62
PDB\1awb.cif,544,544,9724,2.6,2.65
PDB\1axc.cif,804,804,18480,2.6,2.68
PDB\1b6c.cif,1732,1732,80850,2.6,2.69
PDB\1bbr.cif,915,915,36630,2.6,2.64
PDB\1bhw.cif,1568,1568,38850,2.6,2.6
PDB\1bqh.cif,1256,1256,48546,2.6,2.63
PDB\1c16.cif,1430,1430,164565,2.6,2.6
PDB\1c9b.cif,1935,1935,113152,2.6,2.62
PDB\1dio.cif,1734,1734,36120,2.6,2.63
PDB\1dqr.cif,1110,1110,26624,2.6,2.61
PDB\1ekf.cif,730,730,18850,2.6,2.63
PDB\1epx.cif,1428,1428,35910,2.6,2.61
PDB\1f1m.cif,648,648,39744,2.6,2.64
PDB\1ht0.cif,748,748,15840,2.6,2.68
PDB\1lq8.cif,1431,1431,53508,2.6,2.62
PDB\1nw4.cif,1458,1458,38080,2.6,2.64
PDB\1oep.cif,422,422,9880,2.6,2.69
PDB\1u8c.cif,1526,1526,71148,2.6,2.6
PDB\1vvj.cif,11570,11570,2042400,2.6,2.6
PDB\2g47.cif,1951,1951,75276,2.6,2.6
PDB\2wbj.cif,1635,1635,127400,2.6,2.61
PDB\2ykr.cif,2632,2632,228636,2.6,2.63
PDB\2zw3.cif,1206,1206,39060,2.6,2.61
PDB\3muy.cif,4044,4044,140712,2.6,2.61
PDB\3w39.cif,768,768,21312,2.6,2.68
PDB\3wa9.cif,753,753,20677,2.6,2.63
PDB\4a5w.cif,2399,2399,198588,2.6,2.6
PDB\5jlh.cif,3884,3884,292575,2.6,2.6
PDB\6cdu.cif,3140,3140,113344,2.6,2.6
PDB\6djp.cif,1393,1393,74820,2.6,2.68
PDB\1yk1.cif,809,809,27720,2.5,2.5
PDB\4jzj.cif,1368,1368,84960,2.5,2.5
PDB\2ewy.cif,1496,1496,44280,2.5,2.59
PDB\4r3o.cif,6286,6286,243000,2.5,2.59
PDB\13pk.cif,1660,1660,65472,2.5,2.53
PDB\1a2v.cif,3924,3924,105792,2.5,2.51
PDB\1aat.cif,822,822,20280,2.5,2.5
PDB\1cx8.cif,5112,5112,233200,2.5,2.51
PDB\1i0e.cif,1460,1460,232596,2.5,2.5
PDB\1i10.cif,2642,2642,93987,2.5,2.58
PDB\1i3q.cif,3542,3542,159885,2.5,2.59
PDB\1kv3.cif,3906,3906,198303,2.5,2.51
PDB\1ni4.cif,1334,1334,45600,2.5,2.59
PDB\2acx.cif,987,987,51744,2.5,2.57
PDB\2f53.cif,821,821,29744,2.5,2.5
PDB\3lpo.cif,3480,3480,169330,2.5,2.5
PDB\4d5y.cif,6548,6548,637925,2.5,2.5
PDB\4pj1.cif,8783,8783,313600,2.5,2.53
PDB\5veb.cif,1084,1084,28875,2.5,2.54
PDB\4ith.cif,518,518,22680,2.4,2.4
PDB\1a9x.cif,5744,5744,346368,2.4,2.43
PDB\1qo5.cif,6311,6311,1249500,2.4,2.43
PDB\3cw1.cif,2809,2809,278586,2.4,2.47
PDB\4v6x.cif,13338,13338,1692288,2.3,2.3
